,image,label
0,173.jpg,3
1,084.jpg,4
2,418.jpg,1
3,107.jpg,2
4,191.jpg,4
5,704.jpg,5
6,392.jpg,4
7,543.jpg,1
8,515.jpeg,2
9,314.jpg,0
10,1051.jpg,1
11,281.jpg,1
12,858.jpg,5
13,853.jpg,5
14,637.jpg,1
15,199.jpg,4
16,397.jpg,1
17,742.jpg,4
18,444.jpg,2
19,172.jpg,5
20,451.jpg,1
21,139.jpg,4
22,348.jpg,4
23,409.jpg,1
24,552.jpg,3
25,851.jpg,5
26,316.jpg,0
27,246.jpeg,0
28,1269.jpg,3
29,170.jpg,4
30,315.jpg,0
31,017.jpg,5
32,1179.jpeg,5
33,1357.jpg,2
34,1265.jpg,5
35,033.jpg,2
36,376.jpg,2
37,437.jpg,0
38,1019.jpg,1
39,378.jpg,0
40,658.jpg,2
41,049.jpg,5
42,1050.jpg,3
43,1034.jpg,1
44,570.jpg,2
45,1331.jpg,5
46,530.jpg,5
47,372.jpg,1
48,307.jpg,1
49,612.jpg,1
50,645.jpg,5
51,1103.jpg,5
52,087.jpg,3
53,1093.jpg,5
54,547.jpg,5
55,218.jpg,1
56,023.jpg,3
57,1115.jpg,3
58,1099.jpg,5
59,094.jpg,4
60,1393.jpg,3
61,046.jpg,3
62,276.jpg,0
63,1197.jpg,3
64,050.jpg,4
65,187.jpg,5
66,329.jpg,0
67,550.jpg,3
68,381.jpg,0
69,388.jpg,1
70,1328.jpg,3
71,081.jpg,5
72,864.jpg,2
73,038.jpg,1
74,010.jpeg,4
75,051.jpg,3
76,363.jpg,0
77,819.jpg,2
78,970.jpg,3
79,402.jpg,1
80,656.jpg,2
81,286.jpg,0
82,689.jpg,0
83,024.jpg,5
84,361.jpg,2
85,146.jpg,5
86,219.jpg,0
87,1362.jpg,4
88,929.jpg,2
89,153.jpg,0
90,1030.jpg,2
91,871.jpg,2
92,438.jpg,0
93,013.jpeg,3
94,875.jpg,2
95,294.jpg,0
96,192.jpg,5
97,485.jpg,5
98,048.jpg,1
99,360.jpg,0
100,085.jpg,3
101,229.jpg,1
102,163.jpg,5
103,072.jpg,3
104,816.jpg,2
105,008.jpeg,3
106,265.jpg,0
107,412.jpg,2
108,282.jpg,0
109,143.jpg,3
110,996.jpg,3
111,1001.jpg,2
112,240.jpeg,0
113,126.jpg,3
114,125.jpg,5
115,1157.jpg,0
116,295.jpg,0
117,699.jpg,5
118,798.jpg,1
119,304.jpg,0
120,1064.jpg,3
121,283.jpg,0
122,480.jpg,0
123,1206.jpg,1
124,165.jpg,5
125,114.jpg,1
126,160.jpg,1
127,403.jpg,1
128,731.jpg,1
129,313.jpg,3
130,1300.jpg,3
131,421.jpg,1
132,1118.jpg,3
133,223.webp,0
134,306.jpg,0
135,327.jpg,0
136,012.jpeg,4
137,353.jpg,0
138,519.jpeg,5
139,865.jpg,2
140,325.jpg,2
141,1086.jpeg,3
142,805.jpg,0
143,259.jpg,2
144,413.jpg,2
145,804.jpg,4
146,884.jpg,2
147,1014.jpg,2
148,1227.jpg,2
149,982.jpg,3
150,390.jpg,0
151,007.jpeg,3
152,795.jpg,0
153,057.jpg,3
154,680.jpg,1
155,239.jpeg,0
156,443.jpg,1
157,236.jpeg,1
158,393.jpg,0
159,501.jpeg,3
160,722.jpg,3
161,159.jpg,3
162,142.jpg,1
163,1084.jpeg,3
164,434.jpg,0
165,1327.jpg,2
166,468.jpg,0
167,695.jpg,3
168,230.jpeg,1
169,545.jpg,3
170,478.jpg,0
171,1139.jpg,2
172,670.jpg,1
173,019.jpg,5
174,824.jpg,3
175,045.jpg,4
176,395.jpg,2
177,474.jpg,0
178,1400.png,5
179,893.jpeg,3
180,095.jpg,3
181,234.jpeg,0
182,541.jpg,2
183,1217.jpg,3
184,271.jpg,1
185,508.jpeg,3
186,663.jpg,3
187,1390.jpg,5
188,164.jpg,2
189,121.jpg,3
190,292.jpg,0
191,127.jpg,5
192,1095.jpg,3
193,497.jpg,3
194,345.jpg,0
195,1058.jpg,2
196,836.jpg,0
197,102.jpg,3
198,727.jpg,2
199,903.jpeg,2
200,700.jpg,1
201,180.jpg,4
202,222.jpg,0
203,293.jpg,0
204,036.jpg,3
205,981.jpg,2
206,1298.jpg,3
207,1391.jpg,5
208,047.jpg,3
209,221.jpg,0
210,135.jpg,2
211,463.jpg,0
212,1373.jpg,3
213,764.jpg,5
214,466.jpg,1
215,067.jpg,5
216,1262.jpg,3
217,405.jpg,1
218,1040.jpg,2
219,869.jpg,2
220,810.jpg,3
221,021.jpg,3
222,1171.jpeg,5
223,309.jpg,1
224,104.jpg,2
225,006.jpeg,5
226,467.jpg,1
227,158.jpg,3
228,209.jpg,5
229,455.jpg,1
230,544.jpg,5
231,668.jpg,3
232,380.jpg,2
233,227.jpg,4
234,881.jpg,2
235,579.jpg,5
236,417.jpg,0
237,238.jpeg,0
238,210.jpg,0
239,868.jpg,2
240,830.jpg,1
241,1398.jpg,5
242,275.jpg,1
243,776.jpg,0
244,1029.jpg,2
245,458.jpg,0
246,442.jpg,0
247,527.jpg,5
248,669.jpg,3
249,260.jpg,0
250,454.jpg,5
251,512.jpeg,5
252,725.jpg,5
253,1330.jpg,0
254,1211.jpg,5
255,042.jpg,1
256,938.jpg,3
257,1222.jpg,2
258,212.jpg,4
259,514.jpeg,2
260,003.jpeg,3
261,257.jpg,0
262,432.jpg,3
263,427.jpg,0
264,743.jpg,2
265,491.jpg,3
266,145.jpg,5
267,043.jpg,4
268,155.jpg,3
269,940.jpg,2
270,382.jpg,0
271,344.jpg,3
272,684.jpg,2
273,919.jpg,2
274,336.jpg,0
275,503.jpeg,5
276,355.jpg,5
277,197.jpg,3
278,509.jpeg,5
279,400.jpg,3
280,490.jpg,2
281,449.jpg,2
282,347.jpg,0
283,904.jpeg,2
284,235.jpeg,0
285,448.jpg,5
286,529.jpg,2
287,1192.jpg,5
288,525.jpg,3
289,154.jpg,4
290,303.jpg,3
291,349.jpg,1
292,558.jpg,5
293,099.jpg,4
294,338.jpg,1
295,600.jpg,5
296,201.jpg,5
297,086.jpg,4
298,566.jpg,2
299,1253.jpg,5
300,1402.jpg,4
301,302.jpg,0
302,182.jpg,3
303,134.jpg,1
304,1076.jpg,3
305,425.jpg,0
306,374.jpg,0
307,975.jpg,2
308,998.jpg,2
309,373.jpg,2
310,247.jpeg,1
311,039.jpg,2
312,1273.jpg,3
313,062.jpg,3
314,128.jpg,5
315,226.png,1
316,319.jpg,0
317,522.jpg,5
318,203.jpg,4
319,686.jpg,2
320,274.jpg,4
321,499.jpeg,2
322,169.jpg,5
323,863.jpg,2
324,1125.jpg,3
325,489.jpg,2
326,1017.jpg,2
327,495.jpg,1
328,031.jpg,4
329,341.jpg,0
330,002.jpg,4
331,093.jpg,3
332,401.jpg,0
333,162.jpg,4
334,177.jpg,4
335,666.jpg,1
336,074.jpg,3
337,755.jpg,3
338,1305.jpg,1
339,148.jpg,5
340,156.jpg,5
341,1155.jpg,3
342,1024.jpg,1
343,384.jpg,0
344,546.jpg,5
345,833.jpg,1
346,1151.jpg,3
347,399.jpg,1
348,496.jpg,2
349,667.jpg,5
350,568.jpg,2
351,924.jpg,2
352,242.jpeg,0
353,832.jpg,3
354,216.jpg,3
355,614.jpg,3
356,976.jpg,5
357,462.jpg,0
358,955.jpg,0
359,272.jpg,0
360,605.jpg,3
361,1212.jpg,2
362,237.jpeg,0
363,262.jpg,3
364,014.jpeg,5
365,398.jpg,0
366,611.jpg,5
367,424.jpg,2
368,1053.jpg,5
369,1010.jpg,4
370,589.jpg,3
371,340.jpg,0
372,337.jpg,1
373,866.jpg,2
374,461.jpg,0
375,422.jpg,1
376,971.jpg,2
377,671.jpg,3
378,1238.jpg,5
379,129.jpg,3
380,560.jpg,3
381,484.jpg,3
382,1216.jpg,1
383,387.jpg,1
384,889.jpeg,2
385,849.jpg,0
386,308.jpg,1
387,248.png,0
388,479.jpg,0
389,1270.jpg,2
390,1249.jpg,3
391,253.jpg,1
392,123.jpg,5
393,911.jpeg,2
394,116.jpg,3
395,241.jpeg,1
396,532.jpg,5
397,470.jpg,0
398,394.jpg,0
399,076.jpg,3
400,289.jpg,0
401,900.jpeg,2
402,436.jpg,1
403,1100.jpg,2
404,712.jpg,2
405,1332.jpg,5
406,261.jpg,0
407,567.jpg,3
408,744.jpg,2
409,460.jpg,0
410,796.jpg,2
411,596.jpg,1
412,783.jpg,5
413,035.jpg,3
414,867.jpg,2
415,992.jpg,2
416,290.jpg,1
417,483.jpg,3
418,366.jpg,0
419,1353.jpg,3
420,034.jpg,4
421,872.jpg,2
422,440.jpg,0
423,910.jpeg,2
424,379.jpg,0
425,1080.jpg,3
426,619.jpg,5
427,812.jpg,1
428,297.jpg,2
429,171.jpg,3
430,063.jpg,3
431,009.jpeg,3
432,551.jpg,5
433,1294.jpg,5
434,860.jpg,3
435,185.jpg,3
436,410.jpg,0
437,1343.jpg,5
438,453.jpg,1
439,414.jpg,1
440,419.jpg,0
441,459.jpg,0
442,200.jpg,3
443,891.jpeg,2
444,777.jpg,3
445,510.jpeg,2
446,328.jpg,4
447,296.jpg,3
448,100.jpg,5
449,066.jpg,3
450,797.jpg,2
451,1277.jpg,1
452,989.jpg,5
453,305.jpg,0
454,026.jpg,2
455,249.png,0
456,166.jpg,4
457,028.jpg,3
458,549.jpg,3
459,987.jpg,2
460,224.jpg,0
461,1215.jpg,3
462,521.jpg,5
463,471.jpg,0
464,179.jpg,3
465,332.jpg,1
466,445.jpg,1
467,643.jpg,1
468,255.jpg,0
469,492.jpg,3
470,064.jpg,5
471,826.jpg,5
472,254.jpg,1
473,873.jpg,2
474,147.jpg,3
475,811.jpg,4
476,267.jpg,0
477,1117.jpg,1
478,922.jpg,2
479,537.jpg,3
480,535.jpg,0
481,1213.jpg,2
482,765.jpg,3
483,073.jpg,5
484,251.jpg,0
485,681.jpg,3
486,548.jpg,2
487,071.jpg,5
488,803.jpg,3
489,1384.jpg,3
490,1251.jpg,5
491,279.jpg,0
492,556.jpg,2
493,1395.jpg,5
494,477.jpg,0
495,291.jpg,0
496,175.jpg,5
497,1250.jpg,3
498,037.jpg,5
499,181.jpg,1
500,897.jpeg,2
501,1011.jpg,2
502,020.jpg,3
503,557.jpg,3
504,322.jpg,0
505,665.jpg,2
506,124.jpg,3
507,1401.jpg,1
508,636.jpg,2
509,310.jpg,0
510,054.jpg,5
511,330.jpg,0
512,1105.jpg,1
513,358.jpg,0
514,961.jpg,2
515,004.jpeg,5
516,1126.jpg,2
517,407.jpg,1
518,109.jpg,3
519,1299.jpg,5
520,285.jpg,0
521,814.jpg,2
522,137.jpg,1
523,367.jpg,0
524,456.png,1
525,447.jpg,4
526,243.jpeg,0
527,837.jpg,0
528,446.jpg,2
529,752.jpg,5
530,195.jpg,5
531,311.jpg,2
532,213.jpg,2
533,052.jpg,5
534,538.jpg,3
535,1385.jpg,3
536,554.jpg,5
537,015.jpeg,4
538,457.jpg,0
539,005.jpeg,5
540,365.jpg,1
541,351.jpg,1
542,1098.jpg,3
543,809.jpg,5
544,450.jpg,2
545,892.jpeg,2
546,927.jpg,2
547,703.jpg,2
548,1054.jpg,5
549,561.jpg,3
550,217.jpg,3
551,555.jpg,1
552,022.jpg,5
553,711.jpg,2
554,423.jpg,5
555,396.jpg,3
556,946.jpg,3
557,056.jpg,5
558,029.jpg,5
559,890.jpeg,1
560,228.jpg,1
561,845.jpg,4
562,357.jpg,1
563,844.jpg,3
564,763.jpg,5
565,1043.jpg,5
566,350.jpg,3
567,044.jpg,5
568,300.jpg,1
569,1122.jpg,3
570,1351.jpg,5
571,324.jpg,0
572,901.jpeg,2
573,787.jpg,2
574,721.jpg,5
575,105.jpg,3
576,758.jpg,1
577,815.jpg,2
578,375.jpg,0
579,482.jpg,5
580,385.jpg,0
581,590.jpg,2
582,088.jpg,5
583,120.jpg,5
584,1120.jpg,3
585,536.jpg,1
586,997.jpg,2
587,1181.jpeg,5
588,101.jpg,5
589,452.jpg,1
590,151.jpg,5
591,001.jpg,3
592,1263.jpg,5
593,429.jpg,0
594,504.jpeg,2
595,110.jpg,4
596,870.jpg,4
597,702.jpg,0
598,1274.jpg,1
599,587.jpg,0
600,507.jpeg,0
601,115.jpg,0
602,939.jpg,2
603,820.jpg,0
604,258.jpg,0
605,244.jpeg,1
606,206.jpg,3
607,569.jpg,3
608,140.jpg,3
609,149.jpg,2
610,331.jpg,2
611,431.jpg,0
612,563.jpg,2
613,906.jpeg,2
614,113.jpg,3
615,284.jpg,0
616,080.jpg,4
617,793.jpg,3
618,362.jpg,0
619,096.jpg,4
620,979.jpg,2
621,476.jpg,0
622,1044.jpg,2
623,032.jpg,1
624,974.jpg,2
625,1337.jpg,4
626,301.jpg,0
627,472.jpg,0
628,335.jpg,0
629,097.jpg,5
630,932.jpg,2
631,188.jpg,4
632,1116.jpg,5
633,150.jpg,5
634,1289.jpg,3
635,487.png,1
636,883.jpg,2
637,945.jpg,5
638,138.jpg,4
639,639.jpg,5
640,184.jpg,5
641,540.jpg,2
642,377.jpg,0
643,526.jpg,2
644,268.jpg,0
645,1370.jpg,5
646,565.jpg,2
647,1229.jpg,1
648,475.jpg,0
649,122.jpg,3
650,364.jpg,1
651,220.jpg,0
652,141.jpg,0
653,215.jpg,3
654,1063.png,3
655,040.jpg,5
656,118.jpg,3
657,784.jpg,2
658,069.jpg,3
659,435.jpg,5
660,1208.jpg,5
661,1052.jpg,4
662,531.jpg,3
663,433.jpg,2
664,368.jpg,0
665,131.jpg,3
666,318.jpg,0
667,1132.jpg,3
668,176.jpg,3
669,1046.jpg,2
670,473.jpg,0
671,083.jpg,3
672,178.jpg,4
673,1235.jpg,1
674,523.jpg,3
675,1389.jpg,2
676,506.jpeg,5
677,174.jpg,3
678,061.jpg,5
679,1007.jpg,2
680,352.jpg,0
681,1338.jpg,5
682,233.jpeg,0
683,469.webp,3
684,264.jpg,0
685,1066.png,5
686,320.jpg,0
687,1228.jpg,5
688,918.jpg,2
689,186.jpg,3
690,011.jpeg,0
691,168.jpg,3
692,1319.jpg,2
693,1055.jpg,2
694,252.jpg,0
695,133.jpg,1
696,090.jpg,5
697,232.jpeg,0
698,415.jpg,2
699,334.jpg,0
700,524.jpg,3
701,516.jpeg,1
702,775.jpg,0
703,1382.jpg,0
704,132.jpg,3
705,406.jpg,2
706,1392.jpg,5
707,065.jpg,5
708,1308.jpg,5
709,517.jpeg,2
710,539.jpg,3
711,854.jpg,1
712,263.jpg,1
713,1271.jpg,5
714,723.jpg,2
715,070.jpg,0
716,343.jpg,1
717,280.jpg,0
718,1296.jpg,3
719,333.jpg,0
720,103.jpg,5
721,214.jpg,3
722,411.jpg,4
723,030.jpg,3
724,1087.jpeg,3
725,058.jpg,3
726,317.jpg,1
727,1188.jpeg,5
728,369.jpg,0
729,1198.jpg,2
730,098.jpg,3
731,1021.jpg,5
732,346.jpg,0
733,408.jpg,1
734,1283.jpg,1
735,923.jpg,2
736,834.jpg,5
737,359.jpg,0
738,1368.jpg,5
739,270.jpg,1
740,205.jpg,3
741,664.jpg,1
742,326.jpg,3
743,1096.jpg,5
744,383.jpg,3
745,370.jpg,0
746,1399.jpg,5
747,389.jpg,0
748,1032.jpg,2
749,273.jpg,0
750,464.jpg,0
751,136.jpg,5
752,027.jpg,4
753,183.jpg,5
754,488.jpg,1
755,513.jpeg,5
756,441.jpg,0
757,882.jpg,2
758,498.jpg,5
759,055.jpg,2
760,925.jpg,5
761,277.jpg,1
762,1231.jpg,5
763,856.jpg,4
764,978.jpg,2
765,720.jpg,1
766,167.jpg,5
767,465.jpg,0
768,710.jpg,3
769,193.jpg,4
770,914.jpg,2
771,404.jpg,1
772,250.png,0
773,416.jpg,1
774,518.jpeg,2
775,354.jpg,0
776,715.jpg,3
777,321.jpg,1
778,1220.jpg,3
779,739.jpg,2
780,339.jpg,0
781,1149.jpg,3
782,959.jpg,2
783,041.jpg,3
784,077.jpg,5
785,1119.jpg,1
786,119.jpg,0
787,685.jpg,3
788,068.jpg,3
789,1236.jpg,2
790,025.jpg,5
791,092.jpg,2
792,256.jpg,2
793,152.jpg,5
794,1387.jpg,4
795,493.jpg,2
796,266.jpg,4
797,386.jpg,0
798,717.jpg,3
799,091.jpg,5
800,848.jpg,3
801,586.jpg,0
802,1335.jpg,2
803,788.jpg,5
804,1355.jpg,4
805,161.jpg,4
806,1246.jpg,4
807,737.jpg,2
808,843.jpg,4
809,1339.jpg,3
810,018.jpg,1
811,299.jpg,2
812,895.jpeg,2
813,1123.jpg,3
814,089.jpg,3
815,528.jpg,5
816,108.jpg,5
817,1097.jpg,1
818,839.jpg,0
819,117.jpg,4
820,278.jpg,0
821,298.jpg,1
822,995.jpg,2
823,1121.jpg,5
824,835.jpg,0
825,130.jpg,1
826,1361.jpg,3
827,505.jpeg,0
828,356.jpg,0
829,371.jpg,0
830,502.jpeg,1
831,016.jpeg,5
832,342.jpg,1
